mer	test2	test1	t	t
RRYYRRR	0.14433756729740646	0	0	0
YYRRYRYYRR	0	0	0.2182178902359924	0
TCCC	0	0	0	0.1091089451179962
YYRRRYYRRY	0.14433756729740646	0	0	0
CATC	0	0	0.1091089451179962	0
AAATT	0.2886751345948129	0	0	0.2182178902359924
RYYRRYYRRR	0.14433756729740646	0	0	0
RRYYRRYYRY	0.14433756729740646	0.20412414523193154	0.2182178902359924	0.1091089451179962
RYYYYYYY	0	0	0	0.3273268353539886
RYRYRRRY	0	0	0	0.1091089451179962
RYYYYYYYYY	0	0	0	0.3273268353539886
RYYRRYYRR	1.8763883748662837	0.4082482904638631	1.3093073414159544	0.2182178902359924
RRRRRRRRRR	0	0	0	2.29128784747792
RRRRRR	0	0	0	3.6005951888938745
RRYYRRRY	0.14433756729740646	0	0	0
CT	1.0103629710818451	0	1.3093073414159544	0.1091089451179962
YYYYRRRRR	0	0	0	0.2182178902359924
YYRRYY	2.3094010767585034	0.8164965809277261	1.5275252316519468	0.4364357804719848
GCCGA	0.14433756729740646	0	0	0
RRRYYYYYY	0	0	0	0.2182178902359924
YRYRYR	0	1.6329931618554523	2.618614682831909	1.7457431218879391
AGTAG	0	0	0.1091089451179962	0
TTTTT	0	0	0	1.7457431218879391
YYRRYYRYRY	0	0.20412414523193154	0.1091089451179962	0.1091089451179962
TGCG	0	0	0.1091089451179962	0
RYYRYYRRRY	0.14433756729740646	0	0	0
TAT	0.14433756729740646	0	0.2182178902359924	1.091089451179962
RYYYRRYRR	0.14433756729740646	0	0	0
YRYYRRRY	0.14433756729740646	0	0	0
RYRRYYR	0.14433756729740646	0.20412414523193154	0.2182178902359924	0.1091089451179962
YYRRYRRY	0.14433756729740646	0	0.1091089451179962	0
AAT	1.0103629710818451	0	0	0.2182178902359924
RYYRRYYYR	0.14433756729740646	0	0	0.1091089451179962
AATTA	0.43301270189221935	0	0	0
RYYRRYYRYY	0.14433756729740646	0	0.1091089451179962	0
RYYRRYYR	2.0207259421636903	0.6123724356957946	1.5275252316519468	0.3273268353539886
AC	0	1.2247448713915892	1.4184162865339505	0.7637626158259734
AATTT	0.2886751345948129	0	0	0.2182178902359924
YRYRRYY	0	0.20412414523193154	0.1091089451179962	0.1091089451179962
RYYRYRY	0	0.20412414523193154	0.1091089451179962	0.1091089451179962
YRRYRYRYR	0	0	0.3273268353539886	0
RRYRRYY	0.14433756729740646	0	0.1091089451179962	0
TAGCG	0	0	0.1091089451179962	0
YRRYYRRYRY	0	0	0.545544725589981	0
YRYRYYRR	0	0	0.3273268353539886	0
YRYYRRRYYR	0.14433756729740646	0	0	0
CATGC	0	0	0.4364357804719848	0
YYRRRRRRRR	0	0	0	0.2182178902359924
YYYRYRYR	0	0	0	0.1091089451179962
ACCC	0	0	0	0.1091089451179962
YRYRYYY	0	0	0	0.1091089451179962
CCC	0	0	0	2.182178902359924
TCT	0	0	0	0.1091089451179962
RRRRYRY	0	0	0	0.1091089451179962
RRRYRYRYRY	0	0	0	0.1091089451179962
YRYRYRYR	0	1.2247448713915892	1.9639610121239315	1.3093073414159544
TATTA	0.14433756729740646	0	0	0
GCTAT	0.14433756729740646	0	0	0
RYYRYRYRYR	0	0.20412414523193154	0.1091089451179962	0.1091089451179962
RRRRRRRRRY	0	0	0	0.3273268353539886
CGGG	0	0	0	0.2182178902359924
TACGT	0	0.8164965809277261	0.8728715609439696	0.4364357804719848
T	4.618802153517007	2.4494897427831783	4.691684640073836	5.237229365663818
TCC	0	0	0	0.1091089451179962
RYYRRYRRY	0	0	0.1091089451179962	0
YYRRRRR	0	0	0	0.2182178902359924
YRRRYY	0.2886751345948129	0	0	0.1091089451179962
YYYRYR	0	0	0	0.1091089451179962
ATT	1.0103629710818451	0	0	0.2182178902359924
TGAT	0	0.20412414523193154	0	0.1091089451179962
CGCT	0	0	0.1091089451179962	0
TG	0	0.20412414523193154	0.545544725589981	0.1091089451179962
YRRYRYYRR	0	0	0.2182178902359924	0
AGTA	0	0	0.3273268353539886	0
TATA	0	0	0	1.091089451179962
RRYYRRYYRR	1.7320508075688774	0.4082482904638631	0.6546536707079772	0.2182178902359924
ACTAG	0	0	0.2182178902359924	0
RRRRYYYYY	0	0	0	0.2182178902359924
TGC	0	0	0.545544725589981	0
TAAAT	0.2886751345948129	0	0	0
YRRYRYYRRY	0	0	0.2182178902359924	0
TGCAT	0	0	0.4364357804719848	0
RRYYRRYYYR	0.14433756729740646	0	0	0.1091089451179962
TACCC	0	0	0	0.1091089451179962
YYRRYRYR	0	0	0.3273268353539886	0
CCGA	0.14433756729740646	0	0	0
ATAG	0.14433756729740646	0	0	0.1091089451179962
TTTAA	0.2886751345948129	0	0	0
YYYRRRRRRR	0	0	0	0.2182178902359924
CGA	1.0103629710818451	0.8164965809277261	1.200198396297958	0.4364357804719848
YYRRYRRYYR	0.14433756729740646	0	0.1091089451179962	0
RRYYRRYR	0	0	0.6546536707079772	0
YYRRRYYRR	0.14433756729740646	0	0	0
ATCAC	0	0.20412414523193154	0	0.1091089451179962
RRYYYR	0.2886751345948129	0	0	0.1091089451179962
RYRYRY	0	1.6329931618554523	2.836832573067901	1.7457431218879391
YRYRYRYRYY	0	0	0.4364357804719848	0.1091089451179962
GATG	0	0	0.1091089451179962	0
AAAAT	0	0	0	0.2182178902359924
YRYRYYRRYY	0	0	0.3273268353539886	0
YRYYYYY	0	0	0	0.1091089451179962
TAA	0.8660254037844387	0	0	0
RYRRRYYRRY	0	0	0	0.1091089451179962
CGTGA	0	0.20412414523193154	0	0.1091089451179962
YRYYYYYY	0	0	0	0.1091089451179962
GGTA	0	0	0	0.1091089451179962
GCAT	0	0	0.545544725589981	0
YYYYYYYYY	0	0	0	2.618614682831909
ATG	0	0	0.545544725589981	0
YRRYYRYRYR	0	0.20412414523193154	0.1091089451179962	0.1091089451179962
YRRYRYRY	0	0	0.3273268353539886	0
GGCTA	0.14433756729740646	0	0	0
YRYYRRY	0	0	0.6546536707079772	0
YYRRYYRRYY	1.7320508075688774	0.4082482904638631	0.6546536707079772	0.2182178902359924
RYRRYY	0.14433756729740646	0.20412414523193154	0.2182178902359924	0.1091089451179962
RYRYYRRYYR	0	0	0.545544725589981	0
RYYRRYRYY	0	0	0.2182178902359924	0
RYRRRYY	0	0	0	0.1091089451179962
RYYRRYRYYR	0	0	0.2182178902359924	0
YRRYYR	2.3094010767585034	0.8164965809277261	1.7457431218879391	0.4364357804719848
GGG	0	0	0	2.182178902359924
YRRYRYR	0	0	0.3273268353539886	0
CGTG	0	0.20412414523193154	0	0.1091089451179962
YYRRYYRRYR	0	0	0.6546536707079772	0
RRYYRRY	2.165063509461097	0.8164965809277261	1.5275252316519468	0.4364357804719848
RRYRYR	0	0	0.4364357804719848	0.1091089451179962
CTAGC	0.8660254037844387	0	0.8728715609439696	0
RRYYRYYRRR	0.14433756729740646	0	0	0
RYYRYYR	0.14433756729740646	0	0.1091089451179962	0
TAATT	0.43301270189221935	0	0	0
AATT	0.8660254037844387	0	0	0.2182178902359924
TATC	0	0	0.2182178902359924	0
GTACT	0	0	0.2182178902359924	0
YYYYYYYYR	0	0	0	0.2182178902359924
RRRRRRRRYY	0	0	0	0.2182178902359924
YRRYYYRYR	0	0	0	0.1091089451179962
YRYYRRRYY	0.14433756729740646	0	0	0
CTATT	0.14433756729740646	0	0	0
CAC	0	0.20412414523193154	0	0.1091089451179962
YRRRRRRR	0	0	0	0.2182178902359924
YYYRYRYRYR	0	0	0	0.1091089451179962
TCTAT	0	0	0	0.1091089451179962
YYRRYYRY	0.14433756729740646	0.20412414523193154	0.2182178902359924	0.1091089451179962
YYYRRYRRYY	0.14433756729740646	0	0	0
ATGCA	0	0	0.4364357804719848	0
YYRRYRY	0	0	0.545544725589981	0
YRYYRRYYRR	0	0	0.6546536707079772	0
GCGCA	0	0	0.1091089451179962	0
RRRRYY	0	0	0	0.2182178902359924
YYYYYYYRRR	0	0	0	0.2182178902359924
RRRRRRRYY	0	0	0	0.2182178902359924
RYRYRYRRYY	0	0.20412414523193154	0.1091089451179962	0.1091089451179962
YRRYRY	0	0	0.545544725589981	0
RYYRYYRRY	0	0	0.1091089451179962	0
RYYRRYRRYY	0	0	0.1091089451179962	0
TCGG	0.14433756729740646	0	0	0
TTAA	0.8660254037844387	0	0	0
GGAA	0	0	0	0.1091089451179962
ACCCC	0	0	0	0.1091089451179962
RYRYYR	0	0	0.545544725589981	0
YYRYYR	0.14433756729740646	0	0.1091089451179962	0
RRRRRRYYY	0	0	0	0.2182178902359924
CGGCT	0.14433756729740646	0	0	0
YRYRRR	0	0	0	0.1091089451179962
YRYRYRYYY	0	0	0	0.1091089451179962
RYYRYY	0.14433756729740646	0	0.1091089451179962	0
RRRRYRYRYR	0	0	0	0.1091089451179962
YRRRYYRRYY	0.14433756729740646	0	0	0.1091089451179962
YRYRYRYYYY	0	0	0	0.1091089451179962
RRRRRRYRY	0	0	0	0.1091089451179962
YYRRYRYRYR	0	0	0.3273268353539886	0
RRRRRRYYYY	0	0	0	0.2182178902359924
YYRYYRRRY	0.14433756729740646	0	0	0
YYRRYYYRY	0	0	0	0.1091089451179962
YYYRRRRR	0	0	0	0.2182178902359924
RYYYRRYR	0.14433756729740646	0	0	0
YYRYRY	0	0.20412414523193154	0.1091089451179962	0.2182178902359924
TGATC	0	0.20412414523193154	0	0.1091089451179962
RYRRRYYR	0	0	0	0.1091089451179962
YRRYYYRRY	0.14433756729740646	0	0	0
RYYRRYRYRY	0	0	0.3273268353539886	0
CATG	0	0	0.4364357804719848	0
YYRRRRRRR	0	0	0	0.2182178902359924
YRYRRRYY	0	0	0	0.1091089451179962
RYRYRRYYR	0	0.20412414523193154	0.1091089451179962	0.1091089451179962
YYRYYRRYYR	0	0	0.1091089451179962	0
TTTA	0.2886751345948129	0	0	0
CGCTA	0	0	0.1091089451179962	0
RYYRRYRYR	0	0	0.3273268353539886	0
RYRYRYYRR	0	0	0.3273268353539886	0
GTGA	0	0.20412414523193154	0	0.1091089451179962
GGGAA	0	0	0	0.1091089451179962
RRYYRYYR	0.14433756729740646	0	0.1091089451179962	0
AAAAA	0	0	0	1.7457431218879391
YRYYRR	0.14433756729740646	0	0.6546536707079772	0
YYYYRRRRRR	0	0	0	0.2182178902359924
RRYYRYR	0	0.20412414523193154	0.1091089451179962	0.1091089451179962
ATCT	0	0	0	0.1091089451179962
TAGCC	0.14433756729740646	0	0	0
RYYRYYRRYY	0	0	0.1091089451179962	0
ACGTA	0	0.8164965809277261	0.8728715609439696	0.4364357804719848
CTATA	0	0	0	0.1091089451179962
GTATA	0	0	0	0.1091089451179962
RYYYRY	0	0	0	0.1091089451179962
YYYRRRRRR	0	0	0	0.2182178902359924
YYYRRR	0	0	0	0.2182178902359924
YYYYYRRRRR	0	0	0	0.2182178902359924
YYYRYRY	0	0	0	0.1091089451179962
RRYYRR	2.3094010767585034	0.8164965809277261	1.5275252316519468	0.4364357804719848
AGCT	0.8660254037844387	0	0.8728715609439696	0
GCC	0.14433756729740646	0	0	0
RRYYYRRY	0.2886751345948129	0	0	0
YYRYRYR	0	0.20412414523193154	0.1091089451179962	0.2182178902359924
YYRRYRYY	0	0	0.2182178902359924	0
RYYRRYRY	0	0	0.545544725589981	0
TATAT	0	0	0	0.8728715609439696
YYRRYYRYY	0.14433756729740646	0	0.1091089451179962	0
RYYYYYY	0	0	0	0.3273268353539886
TCGAT	0.8660254037844387	0.8164965809277261	1.091089451179962	0.4364357804719848
ATCGA	0.8660254037844387	0.8164965809277261	1.091089451179962	0.4364357804719848
AGCGC	0	0	0.1091089451179962	0
YYYYYYYYYR	0	0	0	0.2182178902359924
YYRRYRR	0.14433756729740646	0	0.1091089451179962	0
RYYYRRYYRR	0.14433756729740646	0	0	0
A	4.618802153517007	2.4494897427831783	4.691684640073836	5.237229365663818
CTAC	0	0	0.1091089451179962	0
RRRRRYYYY	0	0	0	0.2182178902359924
RRRYYRR	0.14433756729740646	0	0	0.1091089451179962
GTGAT	0	0.20412414523193154	0	0.1091089451179962
TTT	0.2886751345948129	0	0	2.182178902359924
GAAAA	0	0	0	0.1091089451179962
CGT	0	1.2247448713915892	1.091089451179962	0.6546536707079772
TGCGC	0	0	0.1091089451179962	0
RRYYYRRYRR	0.14433756729740646	0	0	0
YYRYYRRR	0.14433756729740646	0	0	0
TTTTC	0	0	0	0.1091089451179962
ATA	0.14433756729740646	0	0.2182178902359924	1.091089451179962
YRYYRRR	0.14433756729740646	0	0	0
RYYRRYYRRY	1.7320508075688774	0.4082482904638631	1.3093073414159544	0.2182178902359924
YRRYRYRYRY	0	0	0.3273268353539886	0
RYYRYYRR	0.14433756729740646	0	0.1091089451179962	0
YYYYYRRR	0	0	0	0.2182178902359924
GATCA	0	0.20412414523193154	0	0.1091089451179962
RYRYYYY	0	0	0	0.1091089451179962
YYRRYYY	0.14433756729740646	0	0	0.1091089451179962
YYYRRYRR	0.14433756729740646	0	0	0
RYRRYYRRY	0.14433756729740646	0.20412414523193154	0.2182178902359924	0.1091089451179962
GATCT	0	0	0	0.1091089451179962
AATAG	0.14433756729740646	0	0	0
GGGTA	0	0	0	0.1091089451179962
RYRYRYRRR	0	0	0	0.1091089451179962
YYYRRYR	0.14433756729740646	0	0	0
YRRYYRRYYR	1.7320508075688774	0.4082482904638631	0.8728715609439696	0.2182178902359924
YRRYYRRYR	0	0	0.6546536707079772	0
RRRYYYY	0	0	0	0.2182178902359924
YRRYYRYY	0.14433756729740646	0	0.1091089451179962	0
YRRRRRRRRR	0	0	0	0.2182178902359924
RYYYRRYY	0.14433756729740646	0	0	0
YYYRYRYRY	0	0	0	0.1091089451179962
RRYYYRYRYR	0	0	0	0.1091089451179962
ATAGA	0	0	0	0.1091089451179962
TCCCC	0	0	0	0.1091089451179962
YYRRYRYYR	0	0	0.2182178902359924	0
GAA	0	0	0	0.1091089451179962
RRRRRRRR	0	0	0	2.9459415181858972
CGTAC	0	0.8164965809277261	1.091089451179962	0.4364357804719848
RYRYRYRR	0	0.20412414523193154	0.1091089451179962	0.2182178902359924
RRYRRYYR	0.14433756729740646	0	0.1091089451179962	0
TATT	0.14433756729740646	0	0	0
YRRYRRY	0.14433756729740646	0	0.1091089451179962	0
RYRYRYR	0	1.4288690166235207	2.400396792595916	1.5275252316519468
TA	2.0207259421636903	0.8164965809277261	2.836832573067901	1.7457431218879391
YRYRYRRYYR	0	0.20412414523193154	0.1091089451179962	0.1091089451179962
GCGC	0	0	0.2182178902359924	0
CTAGT	0	0	0.2182178902359924	0
YRRRRR	0	0	0	0.2182178902359924
YRRYYRR	2.165063509461097	0.6123724356957946	1.5275252316519468	0.3273268353539886
RRRYRY	0	0	0	0.1091089451179962
RYYYRYRYR	0	0	0	0.1091089451179962
ACGTG	0	0.20412414523193154	0	0.1091089451179962
AGCG	0	0	0.1091089451179962	0
ATCG	1.0103629710818451	0.8164965809277261	1.200198396297958	0.4364357804719848
RRYYRRRYY	0.14433756729740646	0	0	0
RYYYRRY	0.2886751345948129	0	0	0
RYRYRYYR	0	0	0.3273268353539886	0
CCCCG	0	0	0	0.2182178902359924
YRRYYRRRY	0.14433756729740646	0	0	0
GCA	0	0	0.545544725589981	0
AGCTA	0.8660254037844387	0	0.8728715609439696	0
RRYYYYYYY	0	0	0	0.2182178902359924
RRRRRRRRR	0	0	0	2.618614682831909
YYYYYYYYYY	0	0	0	2.29128784747792
RYRRRY	0	0	0	0.1091089451179962
YRRRYYRR	0.14433756729740646	0	0	0.1091089451179962
ATTA	0.5773502691896258	0	0	0
YRYRYRRRYY	0	0	0	0.1091089451179962
GGAAA	0	0	0	0.1091089451179962
ATCGG	0.14433756729740646	0	0	0
GGGGT	0	0	0	0.1091089451179962
ATC	1.0103629710818451	1.2247448713915892	1.200198396297958	0.6546536707079772
CTACT	0	0	0.1091089451179962	0
YRRYRYYR	0	0	0.2182178902359924	0
ATTTT	0	0	0	0.2182178902359924
RYRYRRRYY	0	0	0	0.1091089451179962
GGGGA	0	0	0	0.1091089451179962
RYYYRYRYRY	0	0	0	0.1091089451179962
AGATC	0	0	0	0.1091089451179962
GATAT	0	0	0.2182178902359924	0
RYYRRR	0.2886751345948129	0	0	0
RYRYYRRY	0	0	0.545544725589981	0
CA	0	0.20412414523193154	0.545544725589981	0.1091089451179962
RYRYRYYYYY	0	0	0	0.1091089451179962
RRRRRRYRYR	0	0	0	0.1091089451179962
ATTAA	0.5773502691896258	0	0	0
RYYRYR	0	0.20412414523193154	0.1091089451179962	0.1091089451179962
RYRYRYRYYY	0	0	0	0.1091089451179962
AGAT	0	0	0	0.1091089451179962
YYRYYRRRYY	0.14433756729740646	0	0	0
RRRYYR	0.14433756729740646	0	0	0.1091089451179962
TACG	0	0.8164965809277261	1.091089451179962	0.4364357804719848
YYYYYYR	0	0	0	0.2182178902359924
TCGA	0.8660254037844387	0.8164965809277261	1.091089451179962	0.4364357804719848
RYYRRYYRYR	0	0.20412414523193154	0.1091089451179962	0.1091089451179962
ATAGC	0.14433756729740646	0	0	0
YRRRYYRRY	0.14433756729740646	0	0	0.1091089451179962
RYRYRRRYYR	0	0	0	0.1091089451179962
TTTC	0	0	0	0.1091089451179962
GT	0	1.2247448713915892	1.4184162865339505	0.7637626158259734
RYRYRYYRRY	0	0	0.3273268353539886	0
YYYRRYYR	0.14433756729740646	0	0	0
TCA	0	0.20412414523193154	0	0.1091089451179962
RYRYRYRYR	0	1.0206207261596576	1.7457431218879391	1.091089451179962
RRYRYRYR	0	0	0.4364357804719848	0.1091089451179962
ATAT	0	0	0.2182178902359924	0.8728715609439696
RRRYRYRYR	0	0	0	0.1091089451179962
RRYYYRRYYR	0.14433756729740646	0	0	0
GGC	0.14433756729740646	0	0	0
RYYYRR	0.2886751345948129	0	0	0
YYYYRRRR	0	0	0	0.2182178902359924
YRYYRRYYR	0	0	0.6546536707079772	0
CCCGG	0	0	0	0.2182178902359924
RYRYRYRRRY	0	0	0	0.1091089451179962
CTAG	0.8660254037844387	0	1.091089451179962	0
YRRYYYRY	0	0	0	0.1091089451179962
YYRRYRRYY	0.14433756729740646	0	0.1091089451179962	0
TACC	0	0	0	0.1091089451179962
YYYYYYYR	0	0	0	0.2182178902359924
RRRRRRRYRY	0	0	0	0.1091089451179962
RRYYRYRYR	0	0.20412414523193154	0.1091089451179962	0.1091089451179962
RYYRRYYYRY	0	0	0	0.1091089451179962
YRRYYY	0.14433756729740646	0	0	0.1091089451179962
TCG	1.0103629710818451	0.8164965809277261	1.200198396297958	0.4364357804719848
GGCT	0.14433756729740646	0	0	0
TTC	0	0	0	0.1091089451179962
AGCCG	0.14433756729740646	0	0	0
GCATC	0	0	0.1091089451179962	0
RYRYRRR	0	0	0	0.1091089451179962
RYRYYRRYY	0	0	0.545544725589981	0
GATGC	0	0	0.1091089451179962	0
RRYYYYY	0	0	0	0.2182178902359924
YYYYYYYRR	0	0	0	0.2182178902359924
RYRYRYY	0	0	0.4364357804719848	0.1091089451179962
RYYYYYYYY	0	0	0	0.3273268353539886
CCCC	0	0	0	1.9639610121239315
YYYYYYY	0	0	0	3.2732683535398857
RRYRRYYRRY	0.14433756729740646	0	0.1091089451179962	0
YRYRRRYYR	0	0	0	0.1091089451179962
TCTA	0	0	0	0.1091089451179962
RRYRYRYRYR	0	0	0.4364357804719848	0.1091089451179962
RRYYYRR	0.2886751345948129	0	0	0
RRYYRRYRYR	0	0	0.3273268353539886	0
AG	1.0103629710818451	0	1.3093073414159544	0.1091089451179962
RRRRYYY	0	0	0	0.2182178902359924
CC	0.14433756729740646	0	0	2.400396792595916
RYYYRRYRRY	0.14433756729740646	0	0	0
RYYYRYRY	0	0	0	0.1091089451179962
YYRRYYR	2.165063509461097	0.6123724356957946	1.5275252316519468	0.3273268353539886
YYRRYYRRR	0.14433756729740646	0	0	0
TAGTA	0	0	0.2182178902359924	0
RRRYYRRYYR	0.14433756729740646	0	0	0.1091089451179962
CACGT	0	0.20412414523193154	0	0.1091089451179962
YRRYYRYYRR	0.14433756729740646	0	0.1091089451179962	0
RYRYRYRYY	0	0	0.4364357804719848	0.1091089451179962
YRYRYYR	0	0	0.3273268353539886	0
GCTA	1.0103629710818451	0	0.9819805060619657	0
YRYRYRYYR	0	0	0.3273268353539886	0
YYRYYRR	0.14433756729740646	0	0.1091089451179962	0
RRYRRYYRR	0.14433756729740646	0	0.1091089451179962	0
RYRYYYYY	0	0	0	0.1091089451179962
GATCG	0.8660254037844387	0.8164965809277261	0.8728715609439696	0.4364357804719848
YYYRRYY	0.14433756729740646	0	0	0
RYRYRYRYRY	0	0.8164965809277261	1.5275252316519468	0.8728715609439696
YRYYYY	0	0	0	0.1091089451179962
RRRRRYRYRY	0	0	0	0.1091089451179962
RRYYYY	0	0	0	0.2182178902359924
RRRRRYYY	0	0	0	0.2182178902359924
TTTCC	0	0	0	0.1091089451179962
RRRYRYR	0	0	0	0.1091089451179962
YRRYYYRR	0.14433756729740646	0	0	0
CAT	0	0	0.545544725589981	0
RYYRRYYYRR	0.14433756729740646	0	0	0
YYYYYYYYRR	0	0	0	0.2182178902359924
RRRYYRRYY	0.14433756729740646	0	0	0.1091089451179962
CGC	0	0	0.2182178902359924	0
YYRRRYYR	0.14433756729740646	0	0	0
RRRRRRR	0	0	0	3.2732683535398857
RRYYRYRY	0	0.20412414523193154	0.1091089451179962	0.1091089451179962
YYYYYRR	0	0	0	0.2182178902359924
RYYRYRYRY	0	0.20412414523193154	0.1091089451179962	0.1091089451179962
TAGT	0	0	0.2182178902359924	0
CGATG	0	0	0.1091089451179962	0
CGGC	0.14433756729740646	0	0	0
TGCA	0	0	0.4364357804719848	0
RRRRRYYYYY	0	0	0	0.2182178902359924
RYYYRYR	0	0	0	0.1091089451179962
TTA	0.8660254037844387	0	0	0
RRYYRYYRRY	0	0	0.1091089451179962	0
RYRYRYYYY	0	0	0	0.1091089451179962
RRYYRRYYY	0.14433756729740646	0	0	0.1091089451179962
G	2.3094010767585034	2.4494897427831783	4.473466749837844	3.927922024247863
TAC	0	0.8164965809277261	1.4184162865339505	0.545544725589981
YRYRYRRYY	0	0.20412414523193154	0.1091089451179962	0.1091089451179962
YYRRYYRYR	0	0.20412414523193154	0.1091089451179962	0.1091089451179962
YRYRYYYY	0	0	0	0.1091089451179962
YRRYYRRYRR	0	0	0.1091089451179962	0
RRRRYRYR	0	0	0	0.1091089451179962
RYRYRRYYRR	0	0.20412414523193154	0.1091089451179962	0.1091089451179962
YRYRRRY	0	0	0	0.1091089451179962
AAAT	0.2886751345948129	0	0	0.2182178902359924
YYRRYYRR	2.0207259421636903	0.4082482904638631	1.3093073414159544	0.2182178902359924
RRYYRRYY	2.0207259421636903	0.8164965809277261	0.8728715609439696	0.4364357804719848
RYYYRRYYR	0.14433756729740646	0	0	0
TCACG	0	0.20412414523193154	0	0.1091089451179962
YRRYRRYYR	0.14433756729740646	0	0.1091089451179962	0
C	2.3094010767585034	2.4494897427831783	4.473466749837844	3.927922024247863
CCGGG	0	0	0	0.2182178902359924
RYYRRYYY	0.14433756729740646	0	0	0.1091089451179962
RRYRYRYRY	0	0	0.4364357804719848	0.1091089451179962
RYRYYYYYYY	0	0	0	0.1091089451179962
RRRRYYYY	0	0	0	0.2182178902359924
RRYRYYRRY	0	0	0.2182178902359924	0
ACTA	0	0	0.2182178902359924	0
CGTA	0	0.8164965809277261	1.091089451179962	0.4364357804719848
TAG	1.0103629710818451	0	1.200198396297958	0.1091089451179962
YRYRYRYRRY	0	0.20412414523193154	0.1091089451179962	0.1091089451179962
YRYRYRY	0	1.4288690166235207	2.400396792595916	1.5275252316519468
YYRRYYRRRY	0.14433756729740646	0	0	0
GTAC	0	0.8164965809277261	1.3093073414159544	0.4364357804719848
CGATA	0	0	0.2182178902359924	0
GAT	1.0103629710818451	1.2247448713915892	1.200198396297958	0.6546536707079772
ACGA	0	0	0.1091089451179962	0
RYRYYRR	0	0	0.545544725589981	0
RRRRRYRYR	0	0	0	0.1091089451179962
YRRYYRYRY	0	0.20412414523193154	0.1091089451179962	0.1091089451179962
AT	2.3094010767585034	1.2247448713915892	1.9639610121239315	1.9639610121239315
YRRYYRRRYY	0.14433756729740646	0	0	0
YYRRYYYRR	0.14433756729740646	0	0	0
RRYYRYY	0.14433756729740646	0	0.1091089451179962	0
AAA	0.2886751345948129	0	0	2.182178902359924
ATGCG	0	0	0.1091089451179962	0
RRRRRY	0	0	0	0.3273268353539886
YYRYYRRY	0	0	0.1091089451179962	0
GCTAC	0	0	0.1091089451179962	0
RRRYYY	0	0	0	0.2182178902359924
TATAG	0	0	0	0.1091089451179962
GCCG	0.14433756729740646	0	0	0
CCCG	0	0	0	0.2182178902359924
CCGG	0	0	0	0.2182178902359924
RRYYRRYRY	0	0	0.545544725589981	0
CGAT	1.0103629710818451	0.8164965809277261	1.200198396297958	0.4364357804719848
YRRYYRY	0.14433756729740646	0.20412414523193154	0.2182178902359924	0.1091089451179962
RYRYRRYY	0	0.20412414523193154	0.1091089451179962	0.1091089451179962
YRYRRYYRR	0	0.20412414523193154	0.1091089451179962	0.1091089451179962
YRYRYRYRYR	0	0.8164965809277261	1.3093073414159544	0.8728715609439696
RYYRRYRR	0	0	0.1091089451179962	0
RRYYRRYRRY	0	0	0.1091089451179962	0
RYRYRYYY	0	0	0	0.1091089451179962
GCGCT	0	0	0.1091089451179962	0
YRYRRYYR	0	0.20412414523193154	0.1091089451179962	0.1091089451179962
YYRRYYYRYR	0	0	0	0.1091089451179962
RYYRRYR	0	0	0.6546536707079772	0
YYYYYR	0	0	0	0.2182178902359924
ATTTA	0.2886751345948129	0	0	0
TATCG	0	0	0.2182178902359924	0
RYRYYY	0	0	0	0.1091089451179962
TCGGC	0.14433756729740646	0	0	0
CCG	0.14433756729740646	0	0	0.2182178902359924
YYYYYYRRR	0	0	0	0.2182178902359924
RRYYYYYYYY	0	0	0	0.2182178902359924
YRYRYRYRR	0	0.20412414523193154	0.1091089451179962	0.2182178902359924
YRRYRR	0.14433756729740646	0	0.1091089451179962	0
ATCGT	0	0	0.1091089451179962	0
YRRYRRYY	0.14433756729740646	0	0.1091089451179962	0
YYRRYRYRY	0	0	0.3273268353539886	0
CTAT	0.14433756729740646	0	0	0.1091089451179962
YYRYRYRYRY	0	0.20412414523193154	0.1091089451179962	0.2182178902359924
RRYRYY	0	0	0.2182178902359924	0
YYRRYYYRRY	0.14433756729740646	0	0	0
GA	1.0103629710818451	1.2247448713915892	1.200198396297958	0.7637626158259734
RRYYRRYYR	1.8763883748662837	0.6123724356957946	0.8728715609439696	0.3273268353539886
YRYRYRYYRR	0	0	0.3273268353539886	0
TCGTA	0	0	0.1091089451179962	0
YRRYYRRYY	1.8763883748662837	0.6123724356957946	0.8728715609439696	0.3273268353539886
RYRYRRY	0	0.20412414523193154	0.1091089451179962	0.1091089451179962
RRYRYYRR	0	0	0.2182178902359924	0
YYRYYRRYY	0	0	0.1091089451179962	0
GGTAT	0	0	0	0.1091089451179962
YRRRRRR	0	0	0	0.2182178902359924
YRYRYYYYYY	0	0	0	0.1091089451179962
RRYYYRYR	0	0	0	0.1091089451179962
YRRYYYR	0.14433756729740646	0	0	0.1091089451179962
CATCG	0	0	0.1091089451179962	0
YRYRYYYYY	0	0	0	0.1091089451179962
GGGA	0	0	0	0.1091089451179962
GTG	0	0.20412414523193154	0	0.1091089451179962
RRYYYYYY	0	0	0	0.2182178902359924
YYYYYYRR	0	0	0	0.2182178902359924
YYRRYR	0.14433756729740646	0	0.6546536707079772	0
YRYRRY	0	0.20412414523193154	0.1091089451179962	0.1091089451179962
RYYRYRYR	0	0.20412414523193154	0.1091089451179962	0.1091089451179962
CGGGG	0	0	0	0.2182178902359924
TT	1.299038105676658	0	0	2.400396792595916
YRYRRRYYRR	0	0	0	0.1091089451179962
RYYRRYY	2.165063509461097	0.8164965809277261	1.5275252316519468	0.4364357804719848
YYRRRRRR	0	0	0	0.2182178902359924
GGA	0	0	0	0.1091089451179962
CGCA	0	0	0.1091089451179962	0
RRYYRYRYRY	0	0.20412414523193154	0.1091089451179962	0.1091089451179962
YRRYYRYYR	0.14433756729740646	0	0.1091089451179962	0
YYYRRYYRR	0.14433756729740646	0	0	0
RYRYRYRY	0	1.2247448713915892	2.182178902359924	1.3093073414159544
TAAA	0.2886751345948129	0	0	0
YRYRYYRRY	0	0	0.3273268353539886	0
YRYYRRYY	0	0	0.6546536707079772	0
RRRRRRY	0	0	0	0.3273268353539886
CCCCC	0	0	0	1.7457431218879391
RYRYRYRRY	0	0.20412414523193154	0.1091089451179962	0.1091089451179962
GGT	0	0	0	0.1091089451179962
ACC	0	0	0	0.1091089451179962
RYRRYYRRYY	0.14433756729740646	0.20412414523193154	0.2182178902359924	0.1091089451179962
ATAC	0	0	0	0.1091089451179962
RRRRRRYR	0	0	0	0.1091089451179962
YRYYYYYYYY	0	0	0	0.1091089451179962
GTA	0	0.8164965809277261	1.4184162865339505	0.545544725589981
TAGCT	0.8660254037844387	0	0.8728715609439696	0
TTAAT	0.5773502691896258	0	0	0
RYRYRYRYRR	0	0.20412414523193154	0.1091089451179962	0.2182178902359924
GCTAG	0.8660254037844387	0	0.8728715609439696	0
ATATC	0	0	0.2182178902359924	0
YYYYRR	0	0	0	0.2182178902359924
AA	1.299038105676658	0	0	2.400396792595916
CTA	1.0103629710818451	0	1.200198396297958	0.1091089451179962
RRRRRRYY	0	0	0	0.2182178902359924
TATAC	0	0	0	0.1091089451179962
GATA	0	0	0.2182178902359924	0
ACGAT	0	0	0.1091089451179962	0
YYRYRYRYR	0	0.20412414523193154	0.1091089451179962	0.2182178902359924
RRRRRRRRYR	0	0	0	0.1091089451179962
YYRRYYRRY	1.8763883748662837	0.4082482904638631	1.3093073414159544	0.2182178902359924
GTAT	0	0	0	0.1091089451179962
ATATA	0	0	0	0.8728715609439696
YRYRYRYRY	0	1.0206207261596576	1.7457431218879391	1.091089451179962
YRYRRYYRRY	0	0.20412414523193154	0.1091089451179962	0.1091089451179962
YRYRYRRR	0	0	0	0.1091089451179962
YRRYYRRY	2.0207259421636903	0.6123724356957946	1.5275252316519468	0.3273268353539886
GTAGC	0	0	0.1091089451179962	0
YRYYYYYYY	0	0	0	0.1091089451179962
RRYRYRY	0	0	0.4364357804719848	0.1091089451179962
YYRRRY	0.2886751345948129	0	0	0
RRRYYYYYYY	0	0	0	0.2182178902359924
RRRRYR	0	0	0	0.1091089451179962
AATA	0.14433756729740646	0	0	0
GCG	0	0	0.2182178902359924	0
RRYYRRYRYY	0	0	0.2182178902359924	0
RRYRRY	0.14433756729740646	0	0.1091089451179962	0
RRYRYYRRYY	0	0	0.2182178902359924	0
TCAC	0	0.20412414523193154	0	0.1091089451179962
YRYRYRRY	0	0.20412414523193154	0.1091089451179962	0.1091089451179962
RYYRRRYYRR	0.14433756729740646	0	0	0
TAATA	0.14433756729740646	0	0	0
TAGC	1.0103629710818451	0	0.9819805060619657	0
CGG	0.14433756729740646	0	0	0.2182178902359924
RYRRRYYRR	0	0	0	0.1091089451179962
RRRRYRYRY	0	0	0	0.1091089451179962
RYRYRR	0	0.20412414523193154	0.1091089451179962	0.2182178902359924
TTCCC	0	0	0	0.1091089451179962
GAAA	0	0	0	0.1091089451179962
YYRRYYRYYR	0.14433756729740646	0	0.1091089451179962	0
YRRRYYR	0.14433756729740646	0	0	0.1091089451179962
GCT	1.0103629710818451	0	0.9819805060619657	0
RRRYYYYY	0	0	0	0.2182178902359924
RRRRRRRRY	0	0	0	0.3273268353539886
YRRYRYY	0	0	0.2182178902359924	0
ATCA	0	0.20412414523193154	0	0.1091089451179962
TCGT	0	0	0.1091089451179962	0
YYRRRR	0	0	0	0.2182178902359924
YYYYRRR	0	0	0	0.2182178902359924
RYYRRRY	0.2886751345948129	0	0	0
RRRRRRRYR	0	0	0	0.1091089451179962
YRYRYRYRRR	0	0	0	0.1091089451179962
TACTA	0	0	0.2182178902359924	0
ACT	0	0	0.3273268353539886	0
TAGA	0	0	0	0.1091089451179962
RRYYRY	0.14433756729740646	0.20412414523193154	0.2182178902359924	0.1091089451179962
GTACG	0	0.8164965809277261	1.091089451179962	0.4364357804719848
AGT	0	0	0.3273268353539886	0
GC	1.1547005383792517	0	1.7457431218879391	0
YYRRYYYR	0.14433756729740646	0	0	0.1091089451179962
RRYYRYYRR	0.14433756729740646	0	0.1091089451179962	0
YYYRRYYRRY	0.14433756729740646	0	0	0
YRRYYRRYYY	0.14433756729740646	0	0	0.1091089451179962
TGA	0	0.20412414523193154	0	0.1091089451179962
GTAG	0	0	0.1091089451179962	0
TACT	0	0	0.3273268353539886	0
RYRYYYYYY	0	0	0	0.1091089451179962
AGA	0	0	0	0.1091089451179962
GGGG	0	0	0	1.9639610121239315
RYYRRRYY	0.2886751345948129	0	0	0
RRYYYRRYY	0.14433756729740646	0	0	0
YYRRRYY	0.2886751345948129	0	0	0
GATC	0.8660254037844387	1.2247448713915892	0.8728715609439696	0.6546536707079772
YRYRYRR	0	0.20412414523193154	0.1091089451179962	0.2182178902359924
CGATC	0.8660254037844387	0.8164965809277261	0.8728715609439696	0.4364357804719848
RRRRRYY	0	0	0	0.2182178902359924
CGCAT	0	0	0.1091089451179962	0
AAAA	0	0	0	1.9639610121239315
RRRRRRRY	0	0	0	0.3273268353539886
RYYRYYRRR	0.14433756729740646	0	0	0
ACGT	0	1.2247448713915892	0.8728715609439696	0.6546536707079772
YYYRRRR	0	0	0	0.2182178902359924
ATGC	0	0	0.545544725589981	0
TTTT	0	0	0	1.9639610121239315
YYYYYRRRR	0	0	0	0.2182178902359924
TTAAA	0.2886751345948129	0	0	0
YRYRYRYY	0	0	0.4364357804719848	0.1091089451179962
YYYRRYRRY	0.14433756729740646	0	0	0
GGGT	0	0	0	0.1091089451179962
YRRRRRRRR	0	0	0	0.2182178902359924
GG	0.14433756729740646	0	0	2.400396792595916
RYRRYYRR	0.14433756729740646	0.20412414523193154	0.2182178902359924	0.1091089451179962
YYYYYYYY	0	0	0	2.9459415181858972
AGTAC	0	0	0.2182178902359924	0
CG	1.1547005383792517	2.041241452319315	2.618614682831909	1.3093073414159544
ACG	0	1.2247448713915892	1.091089451179962	0.6546536707079772
CACG	0	0.20412414523193154	0	0.1091089451179962
YRYRYY	0	0	0.4364357804719848	0.1091089451179962
RRRYRYRY	0	0	0	0.1091089451179962
YRYRYRRRY	0	0	0	0.1091089451179962
ATTT	0.2886751345948129	0	0	0.2182178902359924
YYYYYYRRRR	0	0	0	0.2182178902359924
AGCC	0.14433756729740646	0	0	0
YRRYYYRRYR	0.14433756729740646	0	0	0
YYYYYY	0	0	0	3.6005951888938745
TAAT	0.5773502691896258	0	0	0
RYYRRY	2.3094010767585034	0.8164965809277261	2.182178902359924	0.4364357804719848
YRRYYYRYRY	0	0	0	0.1091089451179962
YRRYRRYYRR	0.14433756729740646	0	0.1091089451179962	0
CCGAT	0.14433756729740646	0	0	0
RYRYRYRYYR	0	0	0.3273268353539886	0
GGGGG	0	0	0	1.7457431218879391
RYYRRYYRY	0.14433756729740646	0.20412414523193154	0.2182178902359924	0.1091089451179962
RYYRRRYYR	0.14433756729740646	0	0	0
YRRYYRRR	0.14433756729740646	0	0	0
RRYYYRRYR	0.14433756729740646	0	0	0
TACGA	0	0	0.1091089451179962	0
RRRRRRRYYY	0	0	0	0.2182178902359924
YYYRRY	0.2886751345948129	0	0	0
TC	1.0103629710818451	1.2247448713915892	1.200198396297958	0.7637626158259734
YRRYYRYR	0	0.20412414523193154	0.1091089451179962	0.1091089451179962
RRYRYYR	0	0	0.2182178902359924	0
AGC	1.0103629710818451	0	0.9819805060619657	0
RRRRRYRY	0	0	0	0.1091089451179962
RRRYYRRY	0.14433756729740646	0	0	0.1091089451179962
GCATG	0	0	0.4364357804719848	0
RYYYYY	0	0	0	0.3273268353539886
RRYYYRYRY	0	0	0	0.1091089451179962
TAGAT	0	0	0	0.1091089451179962
RRRRYYYYYY	0	0	0	0.2182178902359924
ATCTA	0	0	0	0.1091089451179962
RRYYRRYRR	0	0	0.1091089451179962	0
RRYYYRY	0	0	0	0.1091089451179962
ATACC	0	0	0	0.1091089451179962
RRRRRYR	0	0	0	0.1091089451179962
TTCC	0	0	0	0.1091089451179962
YYRYRYRY	0	0.20412414523193154	0.1091089451179962	0.2182178902359924
